img_1757672608092_0.jpg,body-shaming
img_1757672610002_1.jpg,porn
img_1757672611990_2.jpg,racism
img_1757672613371_3.jpg,porn
img_1757672614721_4.jpg,porn
img_1757672616303_5.jpg,discrimination
img_1757672617806_6.jpg,violence
img_1757672619428_7.jpg,unknown
img_1757672620778_8.jpg,unknown
img_1757672623469_9.jpg,unknown
img_1757672633699_0.jpg,violence
img_1757672635102_1.jpg,unknown
img_1757672636506_2.jpg,unknown
img_1757672638373_3.jpg,body-shaming
img_1757672639926_4.jpg,unknown
img_1757672641654_5.jpg,body-shaming
img_1757672643103_6.jpg,porn
img_1757672644774_7.jpg,unknown
img_1757672646191_8.jpg,unknown
img_1757672650266_9.jpg,unknown
img_1757672660146_0.jpg,porn
img_1757672661529_1.jpg,porn
img_1757672662962_2.jpg,porn
img_1757672664552_3.jpg,porn
img_1757672665820_4.jpg,unknown
img_1757672667159_5.jpg,unknown
img_1757672668852_6.jpg,unknown
img_1757672670127_7.jpg,unknown
img_1757672671400_8.jpg,unknown
img_1757672672827_9.jpg,unknown
img_1757672685258_0.jpg,porn
img_1757672686768_1.jpg,porn
img_1757672688680_2.jpg,porn
img_1757672690748_3.jpg,porn
img_1757672692577_4.jpg,porn
img_1757672693961_5.jpg,porn
img_1757672695653_6.jpg,porn
img_1757672697214_7.jpg,porn
img_1757672698566_8.jpg,porn
img_1757672699841_9.jpg,porn
img_1757672710476_0.jpg,porn
img_1757672711872_1.jpg,porn
img_1757672713268_2.jpg,porn
img_1757672714592_3.jpg,porn
img_1757672716317_4.jpg,porn
img_1757672717882_5.jpg,porn
img_1757672719175_6.jpg,porn
img_1757672721122_7.jpg,porn
img_1757672722451_8.jpg,porn
img_1757672723714_9.jpg,porn
img_1757672734656_0.jpg,porn
img_1757672736233_1.jpg,porn
img_1757672737906_2.jpg,porn
img_1757672739262_3.jpg,porn
img_1757672740517_4.jpg,porn
img_1757672741984_5.jpg,unknown
img_1757672743493_6.jpg,unknown
img_1757672745066_7.jpg,unknown
img_1757672747006_8.jpg,unknown
img_1757672748411_9.jpg,unknown
img_1757672758850_0.jpg,unknown
img_1757672760277_1.jpg,unknown
img_1757672761877_2.jpg,unknown
img_1757672763155_3.jpg,unknown
img_1757672764513_4.jpg,unknown
img_1757672765944_5.jpg,unknown
img_1757672767347_6.jpg,unknown
img_1757672769049_7.jpg,unknown
img_1757672770763_8.jpg,unknown
img_1757672772666_9.jpg,unknown
img_1757672784469_0.jpg,violence
img_1757672786515_1.jpg,violence
img_1757672787877_2.jpg,violence
img_1757672789290_3.jpg,violence
img_1757672790751_4.jpg,unknown
img_1757672792614_5.jpg,unknown
img_1757672794131_6.jpg,unknown
img_1757672795484_7.jpg,unknown
img_1757672796793_8.jpg,unknown
img_1757672798060_9.jpg,unknown
img_1757672809019_0.jpg,unknown
img_1757672810433_1.jpg,unknown
img_1757672811712_2.jpg,unknown
img_1757672813002_3.jpg,unknown
img_1757672814235_4.jpg,unknown
img_1757672815862_5.jpg,unknown
img_1757672817384_6.jpg,unknown
img_1757672818797_7.jpg,unknown
img_1757672820362_8.jpg,unknown
img_1757672821859_9.jpg,unknown
img_1757672833360_0.jpg,violence
img_1757672834717_1.jpg,violence
img_1757672835993_2.jpg,violence
img_1757672838302_3.jpg,violence
img_1757672839681_4.jpg,violence
img_1757672841068_5.jpg,violence
img_1757672842590_6.jpg,violence
img_1757672843957_7.jpg,violence
img_1757672845290_8.jpg,violence
img_1757672847655_9.jpg,violence
img_1757672860141_0.jpg,violence
img_1757672861636_1.jpg,violence
img_1757672863671_2.jpg,violence
img_1757672865330_3.jpg,violence
img_1757672866843_4.jpg,violence
img_1757672868449_5.jpg,violence
img_1757672870070_6.jpg,violence
img_1757672871496_7.jpg,violence
img_1757672872904_8.jpg,violence
img_1757672874465_9.jpg,violence
img_1757672887524_0.jpg,violence
img_1757672889021_1.jpg,violence
img_1757672891096_2.jpg,violence
img_1757672893082_3.jpg,violence
img_1757672894616_4.jpg,violence
img_1757672896021_5.jpg,violence
img_1757672897415_6.jpg,violence
img_1757672899418_7.jpg,violence
img_1757672900881_8.jpg,violence
img_1757672902544_9.jpg,violence
img_1757672918578_0.jpg,violence
img_1757672920124_1.jpg,violence
img_1757672921638_2.jpg,violence
img_1757672923322_3.jpg,violence
img_1757672925200_4.jpg,violence
img_1757672926807_5.jpg,violence
img_1757672928357_6.jpg,violence
img_1757672930044_7.jpg,violence
img_1757672930864_8.jpg,violence
img_1757672932047_9.jpg,violence
img_1757672941570_0.jpg,violence
img_1757672942562_1.jpg,violence
img_1757672943763_2.jpg,violence
img_1757672944999_3.jpg,violence
img_1757672946045_4.jpg,violence
img_1757672947080_5.jpg,violence
img_1757672948239_6.jpg,violence
img_1757672949455_7.jpg,violence
img_1757672950385_8.jpg,violence
img_1757672951343_9.jpg,violence
img_1757672967470_0.jpg,violence
img_1757672968567_1.jpg,violence
img_1757672969592_2.jpg,violence
img_1757672970508_3.jpg,violence
img_1757672971867_4.jpg,violence
